{
  "6-20": {
    "precision@k": 0.01616161616161616,
    "recall@k": 0.049158249158249165,
    "ndcg@k": 0.04115248572516978,
    "n_users": 99.0
  },
  "21-50": {
    "precision@k": 0.024242424242424246,
    "recall@k": 0.04371929977990585,
    "ndcg@k": 0.03662684185994365,
    "n_users": 99.0
  },
  "51-100": {
    "precision@k": 0.04343434343434344,
    "recall@k": 0.03425942123638906,
    "ndcg@k": 0.05099899237038805,
    "n_users": 99.0
  },
  "100+": {
    "precision@k": 0.14343434343434341,
    "recall@k": 0.04572674873985044,
    "ndcg@k": 0.169499584512272,
    "n_users": 99.0
  }
}