{
  "model": "SVD (tuned)",
  "params": {
    "n_factors": 150,
    "n_epochs": 30,
    "lr_all": 0.01,
    "reg_all": 0.1
  },
  "rmse": 1.1178363136253413,
  "mae": 0.9344485459447583,
  "precision@k": 0.07269076305220884,
  "recall@k": 0.04258853656658785,
  "ndcg@k": 0.08860497180229769,
  "n_users": 498
}